Rodada;Data;Horário;Time da casa;Time da casa.1;Time visitante;Time visitante.1;Sistema de jogo;Treinadores;Público;Resultado;Unnamed: 11;Unnamed: 12;REF_GESTAO
Campeonato Brasileiro Série A;Campeonato Brasileiro Série A;Campeonato Brasileiro Série A;Campeonato Brasileiro Série A;Campeonato Brasileiro Série A;Campeonato Brasileiro Série A;Campeonato Brasileiro Série A;Campeonato Brasileiro Série A;Campeonato Brasileiro Série A;Campeonato Brasileiro Série A;Campeonato Brasileiro Série A;Campeonato Brasileiro Série A;Campeonato Brasileiro Série A;Leco (2015-2020)
30;qua 14/10/15;22:00;;Fluminense (12.);;São Paulo (5.);4-3-3 defensivo;Doriva;8.357;2:0;;;Leco (2015-2020)
31;dom 18/10/15;16:00;;São Paulo (5.);;Vasco da Gama (19.);4-3-3 defensivo;Doriva;18.349;2:2;;;Leco (2015-2020)
Copa do Brasil;Copa do Brasil;Copa do Brasil;Copa do Brasil;Copa do Brasil;Copa do Brasil;Copa do Brasil;Copa do Brasil;Copa do Brasil;Copa do Brasil;Copa do Brasil;Copa do Brasil;Copa do Brasil;Leco (2015-2020)
Semifinais - Jogos de ida;qua 21/10/15;22:00;;São Paulo;;Santos;?;Doriva;26.362;1:3;;;Leco (2015-2020)
Campeonato Brasileiro Série A;Campeonato Brasileiro Série A;Campeonato Brasileiro Série A;Campeonato Brasileiro Série A;Campeonato Brasileiro Série A;Campeonato Brasileiro Série A;Campeonato Brasileiro Série A;Campeonato Brasileiro Série A;Campeonato Brasileiro Série A;Campeonato Brasileiro Série A;Campeonato Brasileiro Série A;Campeonato Brasileiro Série A;Campeonato Brasileiro Série A;Leco (2015-2020)
32;dom 25/10/15;17:00;;Coritiba (17.);;São Paulo (6.);4-3-3 defensivo;Doriva;15.002;1:2;;;Leco (2015-2020)
Copa do Brasil;Copa do Brasil;Copa do Brasil;Copa do Brasil;Copa do Brasil;Copa do Brasil;Copa do Brasil;Copa do Brasil;Copa do Brasil;Copa do Brasil;Copa do Brasil;Copa do Brasil;Copa do Brasil;Leco (2015-2020)
semifinais - Jogos de volta;qua 28/10/15;23:00;;Santos;;São Paulo;?;Doriva;13.932;3:1;;;Leco (2015-2020)
Campeonato Brasileiro Série A;Campeonato Brasileiro Série A;Campeonato Brasileiro Série A;Campeonato Brasileiro Série A;Campeonato Brasileiro Série A;Campeonato Brasileiro Série A;Campeonato Brasileiro Série A;Campeonato Brasileiro Série A;Campeonato Brasileiro Série A;Campeonato Brasileiro Série A;Campeonato Brasileiro Série A;Campeonato Brasileiro Série A;Campeonato Brasileiro Série A;Leco (2015-2020)
33;sáb 31/10/15;17:00;;São Paulo (5.);;Sport (7.);4-3-3 defensivo;Doriva;14.002;3:0;;;Leco (2015-2020)
34;dom 08/11/15;17:00;;Cruzeiro (10.);;São Paulo (5.);4-3-3 defensivo;Doriva;33.417;2:1;;;Leco (2015-2020)
35;qui 19/11/15;22:00;;São Paulo (5.);;Atlético-MG (2.);4-2-3-1;Milton Cruz;18.199;4:2;;;Leco (2015-2020)
36;dom 22/11/15;17:00;;Corinthians (1.);;São Paulo (4.);4-3-3 defensivo;Milton Cruz;44.976;6:1;;;Leco (2015-2020)
37;sáb 28/11/15;17:00;;São Paulo (4.);;Figueirense (16.);4-3-3 defensivo;Milton Cruz;20.034;3:2;;;Leco (2015-2020)
38;dom 06/12/15;17:00;;Goiás (19.);;São Paulo (4.);4-2-3-1;Milton Cruz;34.284;0:1;;;Leco (2015-2020)
Campeonato Paulista;Campeonato Paulista;Campeonato Paulista;Campeonato Paulista;Campeonato Paulista;Campeonato Paulista;Campeonato Paulista;Campeonato Paulista;Campeonato Paulista;Campeonato Paulista;Campeonato Paulista;Campeonato Paulista;Campeonato Paulista;Leco (2015-2020)
1;sáb 30/01/16;21:30;;RB Brasil;;São Paulo;?;Edgardo Bauza;5.606;1:1;;;Leco (2015-2020)
Copa Libertadores;Copa Libertadores;Copa Libertadores;Copa Libertadores;Copa Libertadores;Copa Libertadores;Copa Libertadores;Copa Libertadores;Copa Libertadores;Copa Libertadores;Copa Libertadores;Copa Libertadores;Copa Libertadores;Leco (2015-2020)
Play-Off 1ª mão;qua 03/02/16;21:45;;César Vallejo;;São Paulo;4-2-3-1;Edgardo Bauza;18.000;1:1;;;Leco (2015-2020)
Campeonato Paulista;Campeonato Paulista;Campeonato Paulista;Campeonato Paulista;Campeonato Paulista;Campeonato Paulista;Campeonato Paulista;Campeonato Paulista;Campeonato Paulista;Campeonato Paulista;Campeonato Paulista;Campeonato Paulista;Campeonato Paulista;Leco (2015-2020)
2;sáb 06/02/16;19:00;;São Paulo;;Água Santa;?;Edgardo Bauza;7.243;4:0;;;Leco (2015-2020)
Copa Libertadores;Copa Libertadores;Copa Libertadores;Copa Libertadores;Copa Libertadores;Copa Libertadores;Copa Libertadores;Copa Libertadores;Copa Libertadores;Copa Libertadores;Copa Libertadores;Copa Libertadores;Copa Libertadores;Leco (2015-2020)
Play-Off 2ª mão;qua 10/02/16;21:45;;São Paulo;;César Vallejo;4-2-3-1;Edgardo Bauza;32.567;1:0;;;Leco (2015-2020)
Campeonato Paulista;Campeonato Paulista;Campeonato Paulista;Campeonato Paulista;Campeonato Paulista;Campeonato Paulista;Campeonato Paulista;Campeonato Paulista;Campeonato Paulista;Campeonato Paulista;Campeonato Paulista;Campeonato Paulista;Campeonato Paulista;Leco (2015-2020)
4;dom 14/02/16;19:00;;Corinthians;;São Paulo;?;Edgardo Bauza;36.378;2:0;;;Leco (2015-2020)
Copa Libertadores;Copa Libertadores;Copa Libertadores;Copa Libertadores;Copa Libertadores;Copa Libertadores;Copa Libertadores;Copa Libertadores;Copa Libertadores;Copa Libertadores;Copa Libertadores;Copa Libertadores;Copa Libertadores;Leco (2015-2020)
Grupo 1;qua 17/02/16;19:30;;São Paulo;;The Strongest;4-2-3-1;Edgardo Bauza;27.168;0:1;;;Leco (2015-2020)
Campeonato Paulista;Campeonato Paulista;Campeonato Paulista;Campeonato Paulista;Campeonato Paulista;Campeonato Paulista;Campeonato Paulista;Campeonato Paulista;Campeonato Paulista;Campeonato Paulista;Campeonato Paulista;Campeonato Paulista;Campeonato Paulista;Leco (2015-2020)
5;dom 21/02/16;18:00;;São Paulo;;Rio Claro;?;Edgardo Bauza;7.576;1:0;;;Leco (2015-2020)
6;qua 24/02/16;20:30;;São Paulo;;Novorizontino;?;Edgardo Bauza;3.471;2:0;;;Leco (2015-2020)
7;sáb 27/02/16;20:30;;Ponte Preta;;São Paulo;?;Edgardo Bauza;5.288;1:0;;;Leco (2015-2020)
3;ter 01/03/16;21:30;;São Paulo;;Mogi Mirim;?;Edgardo Bauza;3.013;2:0;;;Leco (2015-2020)
8;sáb 05/03/16;17:00;;São Paulo;;São Bernardo;?;Edgardo Bauza;12.371;1:3;;;Leco (2015-2020)
Copa Libertadores;Copa Libertadores;Copa Libertadores;Copa Libertadores;Copa Libertadores;Copa Libertadores;Copa Libertadores;Copa Libertadores;Copa Libertadores;Copa Libertadores;Copa Libertadores;Copa Libertadores;Copa Libertadores;Leco (2015-2020)
Grupo 1;qui 10/03/16;19:30;;River Plate;;São Paulo;4-2-3-1;Edgardo Bauza;45.000;1:1;;;Leco (2015-2020)
Campeonato Paulista;Campeonato Paulista;Campeonato Paulista;Campeonato Paulista;Campeonato Paulista;Campeonato Paulista;Campeonato Paulista;Campeonato Paulista;Campeonato Paulista;Campeonato Paulista;Campeonato Paulista;Campeonato Paulista;Campeonato Paulista;Leco (2015-2020)
9;dom 13/03/16;12:00;;São Paulo;;Palmeiras;?;Edgardo Bauza;13.852;0:2;;;Leco (2015-2020)
Copa Libertadores;Copa Libertadores;Copa Libertadores;Copa Libertadores;Copa Libertadores;Copa Libertadores;Copa Libertadores;Copa Libertadores;Copa Libertadores;Copa Libertadores;Copa Libertadores;Copa Libertadores;Copa Libertadores;Leco (2015-2020)
Grupo 1;qua 16/03/16;19:30;;Trujillanos;;São Paulo;4-2-3-1;Edgardo Bauza;18.000;1:1;;;Leco (2015-2020)
Campeonato Paulista;Campeonato Paulista;Campeonato Paulista;Campeonato Paulista;Campeonato Paulista;Campeonato Paulista;Campeonato Paulista;Campeonato Paulista;Campeonato Paulista;Campeonato Paulista;Campeonato Paulista;Campeonato Paulista;Campeonato Paulista;Leco (2015-2020)
10;dom 20/03/16;17:00;;Ituano;;São Paulo;?;Edgardo Bauza;7.885;1:1;;;Leco (2015-2020)
11;qua 23/03/16;22:45;;São Paulo;;Botafogo-SP;?;Edgardo Bauza;3.118;1:0;;;Leco (2015-2020)
12;dom 27/03/16;18:30;;Santos;;São Paulo;?;Edgardo Bauza;6.239;1:1;;;Leco (2015-2020)
13;qua 30/03/16;19:30;;Linense;;São Paulo;?;Edgardo Bauza;10.510;1:1;;;Leco (2015-2020)
14;sáb 02/04/16;18:30;;São Paulo;;Oeste;?;Edgardo Bauza;10.052;2:1;;;Leco (2015-2020)
Copa Libertadores;Copa Libertadores;Copa Libertadores;Copa Libertadores;Copa Libertadores;Copa Libertadores;Copa Libertadores;Copa Libertadores;Copa Libertadores;Copa Libertadores;Copa Libertadores;Copa Libertadores;Copa Libertadores;Leco (2015-2020)
Grupo 1;ter 05/04/16;21:45;;São Paulo;;Trujillanos;4-2-3-1;Edgardo Bauza;18.561;6:0;;;Leco (2015-2020)
Campeonato Paulista;Campeonato Paulista;Campeonato Paulista;Campeonato Paulista;Campeonato Paulista;Campeonato Paulista;Campeonato Paulista;Campeonato Paulista;Campeonato Paulista;Campeonato Paulista;Campeonato Paulista;Campeonato Paulista;Campeonato Paulista;Leco (2015-2020)
15;dom 10/04/16;16:00;;São Bento;;São Paulo;?;Edgardo Bauza;7.681;1:0;;;Leco (2015-2020)
Copa Libertadores;Copa Libertadores;Copa Libertadores;Copa Libertadores;Copa Libertadores;Copa Libertadores;Copa Libertadores;Copa Libertadores;Copa Libertadores;Copa Libertadores;Copa Libertadores;Copa Libertadores;Copa Libertadores;Leco (2015-2020)
Grupo 1;qua 13/04/16;21:45;;São Paulo;;River Plate;4-2-3-1;Edgardo Bauza;51.342;2:1;;;Leco (2015-2020)
Campeonato Paulista - Série A1 - Fase final;Campeonato Paulista - Série A1 - Fase final;Campeonato Paulista - Série A1 - Fase final;Campeonato Paulista - Série A1 - Fase final;Campeonato Paulista - Série A1 - Fase final;Campeonato Paulista - Série A1 - Fase final;Campeonato Paulista - Série A1 - Fase final;Campeonato Paulista - Série A1 - Fase final;Campeonato Paulista - Série A1 - Fase final;Campeonato Paulista - Série A1 - Fase final;Campeonato Paulista - Série A1 - Fase final;Campeonato Paulista - Série A1 - Fase final;Campeonato Paulista - Série A1 - Fase final;Leco (2015-2020)
quartas de final;dom 17/04/16;18:30;;GO Audax;;São Paulo;?;Edgardo Bauza;7.920;4:1;;;Leco (2015-2020)
Copa Libertadores;Copa Libertadores;Copa Libertadores;Copa Libertadores;Copa Libertadores;Copa Libertadores;Copa Libertadores;Copa Libertadores;Copa Libertadores;Copa Libertadores;Copa Libertadores;Copa Libertadores;Copa Libertadores;Leco (2015-2020)
Grupo 1;qui 21/04/16;21:45;;The Strongest;;São Paulo;4-1-4-1;Edgardo Bauza;20.000;1:1;;;Leco (2015-2020)
Oitavas de final - Jogos de ida;qui 28/04/16;21:45;;São Paulo;;Toluca;4-2-3-1;Edgardo Bauza;51.342;4:0;;;Leco (2015-2020)
Oitavas de final - Jogos de volta;qua 04/05/16;19:15;;Toluca;;São Paulo;4-2-3-1;Edgardo Bauza;10.000;3:1;;;Leco (2015-2020)
Quartas de final - Jogos de ida;qua 11/05/16;21:45;;São Paulo;;Atlético-MG;4-2-3-1;Edgardo Bauza;61.297;1:0;;;Leco (2015-2020)
Campeonato Brasileiro Série A;Campeonato Brasileiro Série A;Campeonato Brasileiro Série A;Campeonato Brasileiro Série A;Campeonato Brasileiro Série A;Campeonato Brasileiro Série A;Campeonato Brasileiro Série A;Campeonato Brasileiro Série A;Campeonato Brasileiro Série A;Campeonato Brasileiro Série A;Campeonato Brasileiro Série A;Campeonato Brasileiro Série A;Campeonato Brasileiro Série A;Leco (2015-2020)
1;dom 15/05/16;11:00;;Botafogo (5.);;São Paulo (10.);4-2-3-1;Edgardo Bauza;5.465;0:1;;;Leco (2015-2020)
Copa Libertadores;Copa Libertadores;Copa Libertadores;Copa Libertadores;Copa Libertadores;Copa Libertadores;Copa Libertadores;Copa Libertadores;Copa Libertadores;Copa Libertadores;Copa Libertadores;Copa Libertadores;Copa Libertadores;Leco (2015-2020)
quartas de final - Jogos de volta;qua 18/05/16;21:45;;Atlético-MG;;São Paulo;4-2-3-1;Edgardo Bauza;21.337;2:1;;;Leco (2015-2020)
Campeonato Brasileiro Série A;Campeonato Brasileiro Série A;Campeonato Brasileiro Série A;Campeonato Brasileiro Série A;Campeonato Brasileiro Série A;Campeonato Brasileiro Série A;Campeonato Brasileiro Série A;Campeonato Brasileiro Série A;Campeonato Brasileiro Série A;Campeonato Brasileiro Série A;Campeonato Brasileiro Série A;Campeonato Brasileiro Série A;Campeonato Brasileiro Série A;Leco (2015-2020)
2;dom 22/05/16;16:00;;São Paulo (7.);;Internacional (12.);4-2-3-1;Edgardo Bauza;19.509;1:2;;;Leco (2015-2020)
3;qua 25/05/16;21:45;;Coritiba (9.);;São Paulo (11.);4-2-3-1;Edgardo Bauza;10.830;1:1;;;Leco (2015-2020)
4;dom 29/05/16;16:00;;São Paulo (11.);;Palmeiras (4.);4-2-3-1;Edgardo Bauza;21.016;1:0;;;Leco (2015-2020)
5;qua 01/06/16;21:45;;Figueirense (17.);;São Paulo (6.);4-2-3-1;Edgardo Bauza;5.834;1:0;;;Leco (2015-2020)
6;dom 05/06/16;18:30;;Cruzeiro (14.);;São Paulo (9.);4-2-3-1;Edgardo Bauza;18.905;0:1;;;Leco (2015-2020)
7;sáb 11/06/16;21:00;;São Paulo (7.);;Atlético-PR (14.);4-4-2 duplo 6;Edgardo Bauza;12.389;1:2;;;Leco (2015-2020)
8;qua 15/06/16;19:30;;São Paulo (9.);;Vitória (13.);4-4-2 duplo 6;Edgardo Bauza;9.213;2:0;;;Leco (2015-2020)
9;dom 19/06/16;16:00;;Flamengo (7.);;São Paulo (6.);4-3-1-2;Edgardo Bauza;27.233;2:2;;;Leco (2015-2020)
10;qui 23/06/16;21:00;;São Paulo (6.);;Sport (17.);4-2-3-1;Edgardo Bauza;11.145;0:0;;;Leco (2015-2020)
11;dom 26/06/16;16:00;;Santos (5.);;São Paulo (8.);4-4-2 duplo 6;Edgardo Bauza;19.748;3:0;;;Leco (2015-2020)
12;qua 29/06/16;21:45;;São Paulo (11.);;Fluminense (9.);4-2-3-1;Edgardo Bauza;10.323;2:1;;;Leco (2015-2020)
13;dom 03/07/16;16:00;;Ponte Preta (11.);;São Paulo (9.);?;Edgardo Bauza;5.551;1:0;;;Leco (2015-2020)
Copa Libertadores;Copa Libertadores;Copa Libertadores;Copa Libertadores;Copa Libertadores;Copa Libertadores;Copa Libertadores;Copa Libertadores;Copa Libertadores;Copa Libertadores;Copa Libertadores;Copa Libertadores;Copa Libertadores;Leco (2015-2020)
Semifinais - Jogos de ida;qua 06/07/16;21:45;;São Paulo;;Atl. Nacional;4-2-3-1;Edgardo Bauza;61.766;0:2;;;Leco (2015-2020)
Campeonato Brasileiro Série A;Campeonato Brasileiro Série A;Campeonato Brasileiro Série A;Campeonato Brasileiro Série A;Campeonato Brasileiro Série A;Campeonato Brasileiro Série A;Campeonato Brasileiro Série A;Campeonato Brasileiro Série A;Campeonato Brasileiro Série A;Campeonato Brasileiro Série A;Campeonato Brasileiro Série A;Campeonato Brasileiro Série A;Campeonato Brasileiro Série A;Leco (2015-2020)
14;dom 10/07/16;16:00;;São Paulo (10.);;América-MG (20.);4-2-3-1;Edgardo Bauza;8.198;3:0;;;Leco (2015-2020)
Copa Libertadores;Copa Libertadores;Copa Libertadores;Copa Libertadores;Copa Libertadores;Copa Libertadores;Copa Libertadores;Copa Libertadores;Copa Libertadores;Copa Libertadores;Copa Libertadores;Copa Libertadores;Copa Libertadores;Leco (2015-2020)
semifinais - Jogos de volta;qua 13/07/16;21:45;;Atl. Nacional;;São Paulo;4-4-2 duplo 6;Edgardo Bauza;44.739;2:1;;;Leco (2015-2020)
Campeonato Brasileiro Série A;Campeonato Brasileiro Série A;Campeonato Brasileiro Série A;Campeonato Brasileiro Série A;Campeonato Brasileiro Série A;Campeonato Brasileiro Série A;Campeonato Brasileiro Série A;Campeonato Brasileiro Série A;Campeonato Brasileiro Série A;Campeonato Brasileiro Série A;Campeonato Brasileiro Série A;Campeonato Brasileiro Série A;Campeonato Brasileiro Série A;Leco (2015-2020)
15;dom 17/07/16;16:00;;Corinthians (2.);;São Paulo (8.);?;Edgardo Bauza;42.099;1:1;;;Leco (2015-2020)
16;dom 24/07/16;16:00;;Grêmio (3.);;São Paulo (9.);?;Edgardo Bauza;37.069;1:0;;;Leco (2015-2020)
17;dom 31/07/16;11:00;;São Paulo (9.);;Chapecoense (10.);4-2-3-1;Edgardo Bauza;54.996;2:2;;;Leco (2015-2020)
18;qua 03/08/16;19:30;;São Paulo (10.);;Atlético-MG (6.);?;Edgardo Bauza;15.717;1:2;;;Leco (2015-2020)
19;dom 07/08/16;16:15;;Santa Cruz (17.);;São Paulo (11.);?;André Jardine;12.705;1:2;;;Leco (2015-2020)
20;dom 14/08/16;16:15;;São Paulo (10.);;Botafogo (13.);?;André Jardine;14.399;0:1;;;Leco (2015-2020)
21;dom 21/08/16;19:00;;Internacional (15.);;São Paulo (12.);?;Ricardo Gomes;23.079;1:1;;;Leco (2015-2020)
Copa do Brasil;Copa do Brasil;Copa do Brasil;Copa do Brasil;Copa do Brasil;Copa do Brasil;Copa do Brasil;Copa do Brasil;Copa do Brasil;Copa do Brasil;Copa do Brasil;Copa do Brasil;Copa do Brasil;Leco (2015-2020)
Oitavas de final - Jogos de ida;qua 24/08/16;20:45;;São Paulo;;Juventude;?;Ricardo Gomes;;1:2;;;Leco (2015-2020)
Campeonato Brasileiro Série A;Campeonato Brasileiro Série A;Campeonato Brasileiro Série A;Campeonato Brasileiro Série A;Campeonato Brasileiro Série A;Campeonato Brasileiro Série A;Campeonato Brasileiro Série A;Campeonato Brasileiro Série A;Campeonato Brasileiro Série A;Campeonato Brasileiro Série A;Campeonato Brasileiro Série A;Campeonato Brasileiro Série A;Campeonato Brasileiro Série A;Leco (2015-2020)
22;dom 28/08/16;19:30;;São Paulo (12.);;Coritiba (14.);4-2-3-1;Ricardo Gomes;7.836;0:0;;;Leco (2015-2020)
23;qua 07/09/16;22:45;;Palmeiras (1.);;São Paulo (12.);4-3-3 defensivo;Ricardo Gomes;39.944;2:1;;;Leco (2015-2020)
24;dom 11/09/16;12:00;;São Paulo (14.);;Figueirense (17.);?;Ricardo Gomes;27.365;3:1;;;Leco (2015-2020)
25;qui 15/09/16;22:00;;São Paulo (12.);;Cruzeiro (15.);?;Ricardo Gomes;15.566;1:0;;;Leco (2015-2020)
26;dom 18/09/16;17:00;;Atlético-PR (10.);;São Paulo (12.);4-2-3-1;Ricardo Gomes;15.216;1:0;;;Leco (2015-2020)
Copa do Brasil;Copa do Brasil;Copa do Brasil;Copa do Brasil;Copa do Brasil;Copa do Brasil;Copa do Brasil;Copa do Brasil;Copa do Brasil;Copa do Brasil;Copa do Brasil;Copa do Brasil;Copa do Brasil;Leco (2015-2020)
Oitavas de final - Jogos de volta;sex 23/09/16;18:30;;Juventude;;São Paulo;?;Ricardo Gomes;;0:1;;;Leco (2015-2020)
Campeonato Brasileiro Série A;Campeonato Brasileiro Série A;Campeonato Brasileiro Série A;Campeonato Brasileiro Série A;Campeonato Brasileiro Série A;Campeonato Brasileiro Série A;Campeonato Brasileiro Série A;Campeonato Brasileiro Série A;Campeonato Brasileiro Série A;Campeonato Brasileiro Série A;Campeonato Brasileiro Série A;Campeonato Brasileiro Série A;Campeonato Brasileiro Série A;Leco (2015-2020)
27;dom 25/09/16;17:00;;Vitória (16.);;São Paulo (12.);4-2-3-1;Ricardo Gomes;5.651;2:0;;;Leco (2015-2020)
28;sáb 01/10/16;17:00;;São Paulo (12.);;Flamengo (2.);4-2-3-1;Ricardo Gomes;29.813;0:0;;;Leco (2015-2020)
29;qua 05/10/16;22:45;;Sport (15.);;São Paulo (14.);4-2-3-1;Ricardo Gomes;10.301;1:1;;;Leco (2015-2020)
30;qua 12/10/16;22:00;;São Paulo (13.);;Santos (4.);4-2-3-1;Ricardo Gomes;29.314;0:1;;;Leco (2015-2020)
31;seg 17/10/16;22:00;;Fluminense (6.);;São Paulo (14.);4-2-3-1;Ricardo Gomes;6.664;1:2;;;Leco (2015-2020)
32;sáb 22/10/16;19:00;;São Paulo (12.);;Ponte Preta (10.);4-2-3-1;Ricardo Gomes;49.673;2:0;;;Leco (2015-2020)
33;seg 31/10/16;20:00;;América-MG (19.);;São Paulo (11.);4-2-3-1;Ricardo Gomes;5.014;1:0;;;Leco (2015-2020)
34;sáb 05/11/16;19:30;;São Paulo (12.);;Corinthians (7.);4-2-3-1;Ricardo Gomes;53.781;4:0;;;Leco (2015-2020)
35;qui 17/11/16;19:30;;São Paulo (11.);;Grêmio (8.);4-2-3-1;Ricardo Gomes;21.933;1:1;;;Leco (2015-2020)
36;dom 20/11/16;19:30;;Chapecoense (10.);;São Paulo (12.);4-2-3-1;Ricardo Gomes;8.163;2:0;;;Leco (2015-2020)
37;dom 27/11/16;17:00;;Atlético-MG (4.);;São Paulo (14.);4-2-3-1;Pintado;8.901;1:2;;;Leco (2015-2020)
38;dom 11/12/16;17:00;;São Paulo (11.);;Santa Cruz (19.);4-2-3-1;Pintado;17.659;5:0;;;Leco (2015-2020)
Campeonato Paulista;Campeonato Paulista;Campeonato Paulista;Campeonato Paulista;Campeonato Paulista;Campeonato Paulista;Campeonato Paulista;Campeonato Paulista;Campeonato Paulista;Campeonato Paulista;Campeonato Paulista;Campeonato Paulista;Campeonato Paulista;Leco (2015-2020)
1;dom 05/02/17;19:00;;GO Audax;;São Paulo;?;Rogério Ceni;;4:2;;;Leco (2015-2020)
Copa do Brasil;Copa do Brasil;Copa do Brasil;Copa do Brasil;Copa do Brasil;Copa do Brasil;Copa do Brasil;Copa do Brasil;Copa do Brasil;Copa do Brasil;Copa do Brasil;Copa do Brasil;Copa do Brasil;Leco (2015-2020)
1ª eliminatória;qui 09/02/17;22:30;;Moto Club;;São Paulo;?;Rogério Ceni;21.402;0:1;;;Leco (2015-2020)
Campeonato Paulista;Campeonato Paulista;Campeonato Paulista;Campeonato Paulista;Campeonato Paulista;Campeonato Paulista;Campeonato Paulista;Campeonato Paulista;Campeonato Paulista;Campeonato Paulista;Campeonato Paulista;Campeonato Paulista;Campeonato Paulista;Leco (2015-2020)
2;dom 12/02/17;19:00;;São Paulo;;Ponte Preta;?;Rogério Ceni;;5:2;;;Leco (2015-2020)
3;qua 15/02/17;23:45;;Santos;;São Paulo;?;Rogério Ceni;;1:3;;;Leco (2015-2020)
4;sáb 18/02/17;20:30;;São Paulo;;Mirassol;?;Rogério Ceni;;2:2;;;Leco (2015-2020)
5;ter 21/02/17;21:30;;São Paulo;;São Bento;?;Rogério Ceni;;3:2;;;Leco (2015-2020)
6;sáb 25/02/17;20:30;;Novorizontino;;São Paulo;?;Rogério Ceni;;2:2;;;Leco (2015-2020)
Copa do Brasil;Copa do Brasil;Copa do Brasil;Copa do Brasil;Copa do Brasil;Copa do Brasil;Copa do Brasil;Copa do Brasil;Copa do Brasil;Copa do Brasil;Copa do Brasil;Copa do Brasil;Copa do Brasil;Leco (2015-2020)
2ª eliminatória;qua 01/03/17;19:30;;PSTC-PR;;São Paulo;?;Rogério Ceni;14.604;2:4;;;Leco (2015-2020)
Campeonato Paulista;Campeonato Paulista;Campeonato Paulista;Campeonato Paulista;Campeonato Paulista;Campeonato Paulista;Campeonato Paulista;Campeonato Paulista;Campeonato Paulista;Campeonato Paulista;Campeonato Paulista;Campeonato Paulista;Campeonato Paulista;Leco (2015-2020)
7;dom 05/03/17;17:00;;São Paulo;;Santo André;?;Rogério Ceni;;4:1;;;Leco (2015-2020)
Copa do Brasil;Copa do Brasil;Copa do Brasil;Copa do Brasil;Copa do Brasil;Copa do Brasil;Copa do Brasil;Copa do Brasil;Copa do Brasil;Copa do Brasil;Copa do Brasil;Copa do Brasil;Copa do Brasil;Leco (2015-2020)
3ª eliminatória - jogos de ida;qua 08/03/17;19:30;;São Paulo;;ABC;?;Rogério Ceni;15.101;3:1;;;Leco (2015-2020)
Campeonato Paulista;Campeonato Paulista;Campeonato Paulista;Campeonato Paulista;Campeonato Paulista;Campeonato Paulista;Campeonato Paulista;Campeonato Paulista;Campeonato Paulista;Campeonato Paulista;Campeonato Paulista;Campeonato Paulista;Campeonato Paulista;Leco (2015-2020)
8;sáb 11/03/17;17:00;;Palmeiras;;São Paulo;?;Rogério Ceni;;3:0;;;Leco (2015-2020)
Copa do Brasil;Copa do Brasil;Copa do Brasil;Copa do Brasil;Copa do Brasil;Copa do Brasil;Copa do Brasil;Copa do Brasil;Copa do Brasil;Copa do Brasil;Copa do Brasil;Copa do Brasil;Copa do Brasil;Leco (2015-2020)
3ª eliminatória - jogos de volta;qua 15/03/17;19:30;;ABC;;São Paulo;?;Rogério Ceni;14.746;1:1;;;Leco (2015-2020)
Campeonato Paulista;Campeonato Paulista;Campeonato Paulista;Campeonato Paulista;Campeonato Paulista;Campeonato Paulista;Campeonato Paulista;Campeonato Paulista;Campeonato Paulista;Campeonato Paulista;Campeonato Paulista;Campeonato Paulista;Campeonato Paulista;Leco (2015-2020)
9;sáb 18/03/17;17:00;;São Paulo;;Ituano;?;Rogério Ceni;;1:1;;;Leco (2015-2020)
10;qua 22/03/17;22:45;;Botafogo-SP;;São Paulo;?;Rogério Ceni;;1:1;;;Leco (2015-2020)
11;dom 26/03/17;16:00;;São Paulo;;Corinthians;?;Rogério Ceni;;1:1;;;Leco (2015-2020)
12;qua 29/03/17;21:45;;São Bernardo;;São Paulo;?;Rogério Ceni;;0:1;;;Leco (2015-2020)
Campeonato Paulista - Série A1 - Fase final;Campeonato Paulista - Série A1 - Fase final;Campeonato Paulista - Série A1 - Fase final;Campeonato Paulista - Série A1 - Fase final;Campeonato Paulista - Série A1 - Fase final;Campeonato Paulista - Série A1 - Fase final;Campeonato Paulista - Série A1 - Fase final;Campeonato Paulista - Série A1 - Fase final;Campeonato Paulista - Série A1 - Fase final;Campeonato Paulista - Série A1 - Fase final;Campeonato Paulista - Série A1 - Fase final;Campeonato Paulista - Série A1 - Fase final;Campeonato Paulista - Série A1 - Fase final;Leco (2015-2020)
Quartas de final - Jogos de ida;dom 02/04/17;16:00;;Linense;;São Paulo;?;Rogério Ceni;;0:2;;;Leco (2015-2020)
Copa Sul-Americana;Copa Sul-Americana;Copa Sul-Americana;Copa Sul-Americana;Copa Sul-Americana;Copa Sul-Americana;Copa Sul-Americana;Copa Sul-Americana;Copa Sul-Americana;Copa Sul-Americana;Copa Sul-Americana;Copa Sul-Americana;Copa Sul-Americana;Leco (2015-2020)
1ª eliminatória - jogos de ida;qua 05/04/17;19:15;;Def y Justicia;;São Paulo;3-4-1-2;Rogério Ceni;;0:0;;;Leco (2015-2020)
Campeonato Paulista - Série A1 - Fase final;Campeonato Paulista - Série A1 - Fase final;Campeonato Paulista - Série A1 - Fase final;Campeonato Paulista - Série A1 - Fase final;Campeonato Paulista - Série A1 - Fase final;Campeonato Paulista - Série A1 - Fase final;Campeonato Paulista - Série A1 - Fase final;Campeonato Paulista - Série A1 - Fase final;Campeonato Paulista - Série A1 - Fase final;Campeonato Paulista - Série A1 - Fase final;Campeonato Paulista - Série A1 - Fase final;Campeonato Paulista - Série A1 - Fase final;Campeonato Paulista - Série A1 - Fase final;Leco (2015-2020)
quartas de final - Jogos de volta;sáb 08/04/17;16:00;;São Paulo;;Linense;?;Rogério Ceni;;5:0;;;Leco (2015-2020)
Copa do Brasil;Copa do Brasil;Copa do Brasil;Copa do Brasil;Copa do Brasil;Copa do Brasil;Copa do Brasil;Copa do Brasil;Copa do Brasil;Copa do Brasil;Copa do Brasil;Copa do Brasil;Copa do Brasil;Leco (2015-2020)
4ª eliminatória - jogos de ida;qui 13/04/17;20:30;;São Paulo;;Cruzeiro;?;Rogério Ceni;43.662;0:2;;;Leco (2015-2020)
Campeonato Paulista - Série A1 - Fase final;Campeonato Paulista - Série A1 - Fase final;Campeonato Paulista - Série A1 - Fase final;Campeonato Paulista - Série A1 - Fase final;Campeonato Paulista - Série A1 - Fase final;Campeonato Paulista - Série A1 - Fase final;Campeonato Paulista - Série A1 - Fase final;Campeonato Paulista - Série A1 - Fase final;Campeonato Paulista - Série A1 - Fase final;Campeonato Paulista - Série A1 - Fase final;Campeonato Paulista - Série A1 - Fase final;Campeonato Paulista - Série A1 - Fase final;Campeonato Paulista - Série A1 - Fase final;Leco (2015-2020)
Semifinais - Jogos de ida;dom 16/04/17;19:00;;São Paulo;;Corinthians;?;Rogério Ceni;;0:2;;;Leco (2015-2020)
Copa do Brasil;Copa do Brasil;Copa do Brasil;Copa do Brasil;Copa do Brasil;Copa do Brasil;Copa do Brasil;Copa do Brasil;Copa do Brasil;Copa do Brasil;Copa do Brasil;Copa do Brasil;Copa do Brasil;Leco (2015-2020)
4ª eliminatória - jogos de volta;qua 19/04/17;18:30;;Cruzeiro;;São Paulo;?;Rogério Ceni;32.300;1:2;;;Leco (2015-2020)
Campeonato Paulista - Série A1 - Fase final;Campeonato Paulista - Série A1 - Fase final;Campeonato Paulista - Série A1 - Fase final;Campeonato Paulista - Série A1 - Fase final;Campeonato Paulista - Série A1 - Fase final;Campeonato Paulista - Série A1 - Fase final;Campeonato Paulista - Série A1 - Fase final;Campeonato Paulista - Série A1 - Fase final;Campeonato Paulista - Série A1 - Fase final;Campeonato Paulista - Série A1 - Fase final;Campeonato Paulista - Série A1 - Fase final;Campeonato Paulista - Série A1 - Fase final;Campeonato Paulista - Série A1 - Fase final;Leco (2015-2020)
semifinais - Jogos de volta;dom 23/04/17;16:00;;Corinthians;;São Paulo;?;Rogério Ceni;;1:1;;;Leco (2015-2020)
Copa Sul-Americana;Copa Sul-Americana;Copa Sul-Americana;Copa Sul-Americana;Copa Sul-Americana;Copa Sul-Americana;Copa Sul-Americana;Copa Sul-Americana;Copa Sul-Americana;Copa Sul-Americana;Copa Sul-Americana;Copa Sul-Americana;Copa Sul-Americana;Leco (2015-2020)
1ª eliminatória - jogos de volta;qui 11/05/17;21:45;;São Paulo;;Def y Justicia;4-3-1-2;Rogério Ceni;14.999;1:1;;;Leco (2015-2020)
Campeonato Brasileiro Série A;Campeonato Brasileiro Série A;Campeonato Brasileiro Série A;Campeonato Brasileiro Série A;Campeonato Brasileiro Série A;Campeonato Brasileiro Série A;Campeonato Brasileiro Série A;Campeonato Brasileiro Série A;Campeonato Brasileiro Série A;Campeonato Brasileiro Série A;Campeonato Brasileiro Série A;Campeonato Brasileiro Série A;Campeonato Brasileiro Série A;Leco (2015-2020)
1;dom 14/05/17;16:00;;Cruzeiro (5.);;São Paulo (13.);3-4-3 plano;Rogério Ceni;6.528;1:0;;;Leco (2015-2020)
2;seg 22/05/17;20:00;;São Paulo (15.);;Avaí (12.);4-3-2-1;Rogério Ceni;12.427;2:0;;;Leco (2015-2020)
3;sáb 27/05/17;19:00;;São Paulo (11.);;Palmeiras (8.);3-4-3 plano;Rogério Ceni;33.288;2:0;;;Leco (2015-2020)
4;dom 04/06/17;17:00;;Ponte Preta (11.);;São Paulo (6.);3-4-2-1;Rogério Ceni;5.711;1:0;;;Leco (2015-2020)
5;qui 08/06/17;20:30;;São Paulo (10.);;Vitória (18.);3-4-2-1;Rogério Ceni;12.536;2:0;;;Leco (2015-2020)
6;dom 11/06/17;16:00;;Corinthians (1.);;São Paulo (7.);3-5-2;Rogério Ceni;42.443;3:2;;;Leco (2015-2020)
7;qua 14/06/17;19:30;;Sport (14.);;São Paulo (9.);3-4-2-1;Rogério Ceni;11.904;0:0;;;Leco (2015-2020)
8;dom 18/06/17;16:00;;São Paulo (7.);;Atlético-MG (17.);3-4-2-1;Rogério Ceni;22.704;1:2;;;Leco (2015-2020)
9;qua 21/06/17;21:45;;Atlético-PR (18.);;São Paulo (14.);3-4-3 plano;Rogério Ceni;19.150;1:0;;;Leco (2015-2020)
10;dom 25/06/17;16:00;;São Paulo (14.);;Fluminense (6.);4-2-3-1;Rogério Ceni;17.742;1:1;;;Leco (2015-2020)
11;dom 02/07/17;16:00;;Flamengo (3.);;São Paulo (16.);4-3-2-1;Rogério Ceni;17.302;2:0;;;Leco (2015-2020)
12;dom 09/07/17;19:00;;Santos (5.);;São Paulo (17.);4-2-3-1;Pintado;10.322;3:2;;;Leco (2015-2020)
13;qui 13/07/17;19:30;;São Paulo (19.);;Atlético-GO (20.);4-2-3-1;Dorival Júnior;31.333;2:2;;;Leco (2015-2020)
14;dom 16/07/17;16:00;;Chapecoense (16.);;São Paulo (17.);4-2-3-1;Dorival Júnior;10.742;2:0;;;Leco (2015-2020)
15;qua 19/07/17;21:45;;São Paulo (18.);;Vasco da Gama (9.);4-2-3-1;Dorival Júnior;22.574;1:0;;;Leco (2015-2020)
16;seg 24/07/17;20:00;;São Paulo (17.);;Grêmio (2.);4-2-3-1;Dorival Júnior;51.511;1:1;;;Leco (2015-2020)
17;sáb 29/07/17;16:00;;Botafogo (7.);;São Paulo (18.);4-1-4-1;Dorival Júnior;17.139;3:4;;;Leco (2015-2020)
18;qui 03/08/17;19:30;;São Paulo (16.);;Coritiba (17.);4-2-3-1;Dorival Júnior;53.635;1:2;;;Leco (2015-2020)
19;dom 06/08/17;16:00;;Bahia (16.);;São Paulo (17.);4-2-3-1;Dorival Júnior;24.517;2:1;;;Leco (2015-2020)
20;dom 13/08/17;11:00;;São Paulo (17.);;Cruzeiro (7.);4-1-4-1;Dorival Júnior;56.052;3:2;;;Leco (2015-2020)
21;dom 20/08/17;16:00;;Avaí (18.);;São Paulo (16.);4-2-3-1;Dorival Júnior;9.269;1:1;;;Leco (2015-2020)
22;dom 27/08/17;16:00;;Palmeiras (4.);;São Paulo (17.);4-3-3 defensivo;Dorival Júnior;33.537;4:2;;;Leco (2015-2020)
23;sáb 09/09/17;19:00;;São Paulo (19.);;Ponte Preta (13.);4-2-3-1;Dorival Júnior;43.724;2:2;;;Leco (2015-2020)
24;dom 17/09/17;16:00;;Vitória (17.);;São Paulo (19.);4-1-4-1;Dorival Júnior;12.805;1:2;;;Leco (2015-2020)
25;dom 24/09/17;11:00;;São Paulo (17.);;Corinthians (1.);4-3-3 defensivo;Dorival Júnior;61.142;1:1;;;Leco (2015-2020)
26;dom 01/10/17;16:00;;São Paulo (17.);;Sport (14.);4-1-4-1;Dorival Júnior;43.071;1:0;;;Leco (2015-2020)
27;qua 11/10/17;21:45;;Atlético-MG (9.);;São Paulo (14.);4-3-1-2;Dorival Júnior;17.606;1:0;;;Leco (2015-2020)
28;sáb 14/10/17;22:00;;São Paulo (17.);;Atlético-PR (10.);4-1-4-1;Dorival Júnior;26.833;2:1;;;Leco (2015-2020)
29;ter 17/10/17;20:00;;Fluminense (12.);;São Paulo (13.);4-3-3 ofensivo;Dorival Júnior;22.999;3:1;;;Leco (2015-2020)
30;dom 22/10/17;17:00;;São Paulo (15.);;Flamengo (6.);4-1-4-1;Dorival Júnior;32.965;2:0;;;Leco (2015-2020)
31;sáb 28/10/17;17:00;;São Paulo (14.);;Santos (3.);4-1-4-1;Dorival Júnior;40.004;2:1;;;Leco (2015-2020)
32;sáb 04/11/17;19:00;;Atlético-GO (20.);;São Paulo (11.);4-2-3-1;Dorival Júnior;17.697;0:1;;;Leco (2015-2020)
33;qui 09/11/17;20:00;;São Paulo (9.);;Chapecoense (14.);4-2-3-1;Dorival Júnior;35.037;2:2;;;Leco (2015-2020)
34;dom 12/11/17;17:00;;Vasco da Gama (8.);;São Paulo (11.);4-2-3-1;Dorival Júnior;16.439;1:1;;;Leco (2015-2020)
35;qua 15/11/17;19:30;;Grêmio (2.);;São Paulo (11.);4-2-3-1;Dorival Júnior;22.644;1:0;;;Leco (2015-2020)
36;dom 19/11/17;17:00;;São Paulo (12.);;Botafogo (6.);4-2-3-1;Dorival Júnior;25.771;0:0;;;Leco (2015-2020)
37;dom 26/11/17;17:00;;Coritiba (15.);;São Paulo (13.);4-2-3-1;Dorival Júnior;38.059;1:2;;;Leco (2015-2020)
38;dom 03/12/17;17:00;;São Paulo (12.);;Bahia (11.);4-2-3-1;Dorival Júnior;60.485;1:1;;;Leco (2015-2020)
Campeonato Paulista;Campeonato Paulista;Campeonato Paulista;Campeonato Paulista;Campeonato Paulista;Campeonato Paulista;Campeonato Paulista;Campeonato Paulista;Campeonato Paulista;Campeonato Paulista;Campeonato Paulista;Campeonato Paulista;Campeonato Paulista;Leco (2015-2020)
1;qua 17/01/18;21:30;;São Bento;;São Paulo;?;Dorival Júnior;;2:0;;;Leco (2015-2020)
2;sáb 20/01/18;21:00;;São Paulo;;Novorizontino;?;Dorival Júnior;;0:0;;;Leco (2015-2020)
3;qua 24/01/18;23:45;;Mirassol;;São Paulo;?;Dorival Júnior;7.663;0:2;;;Leco (2015-2020)
4;sáb 27/01/18;19:00;;Corinthians;;São Paulo;?;Dorival Júnior;34.358;2:1;;;Leco (2015-2020)
Copa do Brasil;Copa do Brasil;Copa do Brasil;Copa do Brasil;Copa do Brasil;Copa do Brasil;Copa do Brasil;Copa do Brasil;Copa do Brasil;Copa do Brasil;Copa do Brasil;Copa do Brasil;Copa do Brasil;Leco (2015-2020)
1ª eliminatória;qua 31/01/18;22:45;;Madureira;;São Paulo;?;Dorival Júnior;4.455;0:1;;;Leco (2015-2020)
Campeonato Paulista;Campeonato Paulista;Campeonato Paulista;Campeonato Paulista;Campeonato Paulista;Campeonato Paulista;Campeonato Paulista;Campeonato Paulista;Campeonato Paulista;Campeonato Paulista;Campeonato Paulista;Campeonato Paulista;Campeonato Paulista;Leco (2015-2020)
5;sáb 03/02/18;19:00;;São Paulo;;Botafogo-SP;?;Dorival Júnior;;2:0;;;Leco (2015-2020)
6;qua 07/02/18;23:45;;São Paulo;;Bragantino;?;Dorival Júnior;;1:0;;;Leco (2015-2020)
Copa do Brasil;Copa do Brasil;Copa do Brasil;Copa do Brasil;Copa do Brasil;Copa do Brasil;Copa do Brasil;Copa do Brasil;Copa do Brasil;Copa do Brasil;Copa do Brasil;Copa do Brasil;Copa do Brasil;Leco (2015-2020)
2ª eliminatória;qui 15/02/18;22:30;;CSA;;São Paulo;?;Dorival Júnior;;0:2;;;Leco (2015-2020)
Campeonato Paulista;Campeonato Paulista;Campeonato Paulista;Campeonato Paulista;Campeonato Paulista;Campeonato Paulista;Campeonato Paulista;Campeonato Paulista;Campeonato Paulista;Campeonato Paulista;Campeonato Paulista;Campeonato Paulista;Campeonato Paulista;Leco (2015-2020)
8;dom 18/02/18;18:00;;São Paulo;;Santos;?;Dorival Júnior;;0:1;;;Leco (2015-2020)
7;qua 21/02/18;22:45;;Ituano;;São Paulo;?;Dorival Júnior;;2:1;;;Leco (2015-2020)
9;dom 25/02/18;18:00;;São Paulo;;Ferroviária;?;Dorival Júnior;;0:0;;;Leco (2015-2020)
Copa do Brasil;Copa do Brasil;Copa do Brasil;Copa do Brasil;Copa do Brasil;Copa do Brasil;Copa do Brasil;Copa do Brasil;Copa do Brasil;Copa do Brasil;Copa do Brasil;Copa do Brasil;Copa do Brasil;Leco (2015-2020)
3ª eliminatória - jogos de ida;qua 28/02/18;19:30;;São Paulo;;CRB;?;Dorival Júnior;;2:0;;;Leco (2015-2020)
Campeonato Paulista;Campeonato Paulista;Campeonato Paulista;Campeonato Paulista;Campeonato Paulista;Campeonato Paulista;Campeonato Paulista;Campeonato Paulista;Campeonato Paulista;Campeonato Paulista;Campeonato Paulista;Campeonato Paulista;Campeonato Paulista;Leco (2015-2020)
10;dom 04/03/18;20:30;;Linense;;São Paulo;?;Dorival Júnior;;1:2;;;Leco (2015-2020)
11;qui 08/03/18;21:30;;Palmeiras;;São Paulo;?;Dorival Júnior;;2:0;;;Leco (2015-2020)
12;dom 11/03/18;18:00;;São Paulo;;RB Brasil;?;André Jardine;;3:1;;;Leco (2015-2020)
Copa do Brasil;Copa do Brasil;Copa do Brasil;Copa do Brasil;Copa do Brasil;Copa do Brasil;Copa do Brasil;Copa do Brasil;Copa do Brasil;Copa do Brasil;Copa do Brasil;Copa do Brasil;Copa do Brasil;Leco (2015-2020)
3ª eliminatória - jogos de volta;qua 14/03/18;19:30;;CRB;;São Paulo;?;André Jardine;;0:3;;;Leco (2015-2020)
Campeonato Paulista - Série A1 - Fase final;Campeonato Paulista - Série A1 - Fase final;Campeonato Paulista - Série A1 - Fase final;Campeonato Paulista - Série A1 - Fase final;Campeonato Paulista - Série A1 - Fase final;Campeonato Paulista - Série A1 - Fase final;Campeonato Paulista - Série A1 - Fase final;Campeonato Paulista - Série A1 - Fase final;Campeonato Paulista - Série A1 - Fase final;Campeonato Paulista - Série A1 - Fase final;Campeonato Paulista - Série A1 - Fase final;Campeonato Paulista - Série A1 - Fase final;Campeonato Paulista - Série A1 - Fase final;Leco (2015-2020)
Quartas de final - Jogos de ida;sáb 17/03/18;17:00;;São Caetano;;São Paulo;?;Diego Aguirre;;1:0;;;Leco (2015-2020)
quartas de final - Jogos de volta;ter 20/03/18;22:00;;São Paulo;;São Caetano;?;Diego Aguirre;;2:0;;;Leco (2015-2020)
Semifinais - Jogos de ida;dom 25/03/18;16:00;;São Paulo;;Corinthians;?;Diego Aguirre;;1:0;;;Leco (2015-2020)
semifinais - Jogos de volta;qua 28/03/18;21:45;;Corinthians;;São Paulo;?;Diego Aguirre;;6:4 pen.;;;Leco (2015-2020)
Copa do Brasil;Copa do Brasil;Copa do Brasil;Copa do Brasil;Copa do Brasil;Copa do Brasil;Copa do Brasil;Copa do Brasil;Copa do Brasil;Copa do Brasil;Copa do Brasil;Copa do Brasil;Copa do Brasil;Leco (2015-2020)
4ª eliminatória - jogos de ida;qua 04/04/18;20:45;;Atlético-PR;;São Paulo;?;Diego Aguirre;22.865;2:1;;;Leco (2015-2020)
Copa Sul-Americana;Copa Sul-Americana;Copa Sul-Americana;Copa Sul-Americana;Copa Sul-Americana;Copa Sul-Americana;Copa Sul-Americana;Copa Sul-Americana;Copa Sul-Americana;Copa Sul-Americana;Copa Sul-Americana;Copa Sul-Americana;Copa Sul-Americana;Leco (2015-2020)
1ª eliminatória - jogos de ida;qui 12/04/18;21:30;;Rosario Central;;São Paulo;3-5-2 plano;Diego Aguirre;;0:0;;;Leco (2015-2020)
Campeonato Brasileiro Série A;Campeonato Brasileiro Série A;Campeonato Brasileiro Série A;Campeonato Brasileiro Série A;Campeonato Brasileiro Série A;Campeonato Brasileiro Série A;Campeonato Brasileiro Série A;Campeonato Brasileiro Série A;Campeonato Brasileiro Série A;Campeonato Brasileiro Série A;Campeonato Brasileiro Série A;Campeonato Brasileiro Série A;Campeonato Brasileiro Série A;Leco (2015-2020)
1;seg 16/04/18;20:00;;São Paulo (5.);;Paraná (20.);4-2-3-1;Diego Aguirre;11.327;1:0;;;Leco (2015-2020)
Copa do Brasil;Copa do Brasil;Copa do Brasil;Copa do Brasil;Copa do Brasil;Copa do Brasil;Copa do Brasil;Copa do Brasil;Copa do Brasil;Copa do Brasil;Copa do Brasil;Copa do Brasil;Copa do Brasil;Leco (2015-2020)
4ª eliminatória - jogos de volta;qui 19/04/18;18:15;;São Paulo;;Atlético-PR;?;Diego Aguirre;27.812;2:2;;;Leco (2015-2020)
Campeonato Brasileiro Série A;Campeonato Brasileiro Série A;Campeonato Brasileiro Série A;Campeonato Brasileiro Série A;Campeonato Brasileiro Série A;Campeonato Brasileiro Série A;Campeonato Brasileiro Série A;Campeonato Brasileiro Série A;Campeonato Brasileiro Série A;Campeonato Brasileiro Série A;Campeonato Brasileiro Série A;Campeonato Brasileiro Série A;Campeonato Brasileiro Série A;Leco (2015-2020)
2;dom 22/04/18;16:00;;Ceará (18.);;São Paulo (8.);4-1-4-1;Diego Aguirre;30.186;0:0;;;Leco (2015-2020)
3;dom 29/04/18;16:00;;Fluminense (12.);;São Paulo (7.);4-2-3-1;Diego Aguirre;19.235;1:1;;;Leco (2015-2020)
4;sáb 05/05/18;19:00;;São Paulo (9.);;Atlético-MG (4.);3-5-2;Diego Aguirre;31.976;2:2;;;Leco (2015-2020)
Copa Sul-Americana;Copa Sul-Americana;Copa Sul-Americana;Copa Sul-Americana;Copa Sul-Americana;Copa Sul-Americana;Copa Sul-Americana;Copa Sul-Americana;Copa Sul-Americana;Copa Sul-Americana;Copa Sul-Americana;Copa Sul-Americana;Copa Sul-Americana;Leco (2015-2020)
1ª eliminatória - jogos de volta;qua 09/05/18;21:45;;São Paulo;;Rosario Central;4-1-4-1;Diego Aguirre;33.862;1:0;;;Leco (2015-2020)
Campeonato Brasileiro Série A;Campeonato Brasileiro Série A;Campeonato Brasileiro Série A;Campeonato Brasileiro Série A;Campeonato Brasileiro Série A;Campeonato Brasileiro Série A;Campeonato Brasileiro Série A;Campeonato Brasileiro Série A;Campeonato Brasileiro Série A;Campeonato Brasileiro Série A;Campeonato Brasileiro Série A;Campeonato Brasileiro Série A;Campeonato Brasileiro Série A;Leco (2015-2020)
5;dom 13/05/18;16:00;;Bahia (16.);;São Paulo (10.);4-2-3-1;Diego Aguirre;20.847;2:2;;;Leco (2015-2020)
6;dom 20/05/18;16:00;;São Paulo (13.);;Santos (11.);4-2-3-1;Diego Aguirre;40.465;1:0;;;Leco (2015-2020)
7;dom 27/05/18;19:00;;América-MG (6.);;São Paulo (7.);4-2-3-1;Diego Aguirre;4.360;1:3;;;Leco (2015-2020)
8;qua 30/05/18;21:00;;São Paulo (4.);;Botafogo (13.);4-2-3-1;Diego Aguirre;25.427;3:2;;;Leco (2015-2020)
9;sáb 02/06/18;21:00;;Palmeiras (11.);;São Paulo (2.);4-2-3-1;Diego Aguirre;32.841;3:1;;;Leco (2015-2020)
10;ter 05/06/18;21:30;;São Paulo (4.);;Internacional (5.);4-2-3-1;Diego Aguirre;14.730;0:0;;;Leco (2015-2020)
11;sáb 09/06/18;16:00;;Atlético-PR (17.);;São Paulo (6.);4-2-3-1;Diego Aguirre;9.323;0:1;;;Leco (2015-2020)
12;ter 12/06/18;21:30;;São Paulo (3.);;Vitória (15.);4-2-3-1;Diego Aguirre;20.456;3:0;;;Leco (2015-2020)
13;qua 18/07/18;21:45;;Flamengo (1.);;São Paulo (3.);4-2-3-1;Diego Aguirre;51.777;0:1;;;Leco (2015-2020)
14;sáb 21/07/18;21:00;;São Paulo (2.);;Corinthians (8.);4-2-3-1;Diego Aguirre;58.624;3:1;;;Leco (2015-2020)
15;qui 26/07/18;19:30;;Grêmio (7.);;São Paulo (2.);4-2-3-1;Diego Aguirre;19.865;2:1;;;Leco (2015-2020)
16;dom 29/07/18;16:00;;Cruzeiro (6.);;São Paulo (2.);4-2-3-1;Diego Aguirre;21.566;0:2;;;Leco (2015-2020)
Copa Sul-Americana;Copa Sul-Americana;Copa Sul-Americana;Copa Sul-Americana;Copa Sul-Americana;Copa Sul-Americana;Copa Sul-Americana;Copa Sul-Americana;Copa Sul-Americana;Copa Sul-Americana;Copa Sul-Americana;Copa Sul-Americana;Copa Sul-Americana;Leco (2015-2020)
2ª eliminatória - jogos de ida;qui 02/08/18;19:30;;São Paulo;;Colón;4-2-3-1;Diego Aguirre;;0:1;;;Leco (2015-2020)
Campeonato Brasileiro Série A;Campeonato Brasileiro Série A;Campeonato Brasileiro Série A;Campeonato Brasileiro Série A;Campeonato Brasileiro Série A;Campeonato Brasileiro Série A;Campeonato Brasileiro Série A;Campeonato Brasileiro Série A;Campeonato Brasileiro Série A;Campeonato Brasileiro Série A;Campeonato Brasileiro Série A;Campeonato Brasileiro Série A;Campeonato Brasileiro Série A;Leco (2015-2020)
17;dom 05/08/18;16:00;;São Paulo (2.);;Vasco da Gama (12.);4-2-3-1;Diego Aguirre;53.437;2:1;;;Leco (2015-2020)
18;dom 12/08/18;16:00;;Sport (14.);;São Paulo (1.);4-2-3-1;Diego Aguirre;16.050;1:3;;;Leco (2015-2020)
Copa Sul-Americana;Copa Sul-Americana;Copa Sul-Americana;Copa Sul-Americana;Copa Sul-Americana;Copa Sul-Americana;Copa Sul-Americana;Copa Sul-Americana;Copa Sul-Americana;Copa Sul-Americana;Copa Sul-Americana;Copa Sul-Americana;Copa Sul-Americana;Leco (2015-2020)
2ª eliminatória - jogos de volta;qui 16/08/18;21:45;;Colón;;São Paulo;4-2-3-1;Diego Aguirre;;5:4 pen.;;;Leco (2015-2020)
Campeonato Brasileiro Série A;Campeonato Brasileiro Série A;Campeonato Brasileiro Série A;Campeonato Brasileiro Série A;Campeonato Brasileiro Série A;Campeonato Brasileiro Série A;Campeonato Brasileiro Série A;Campeonato Brasileiro Série A;Campeonato Brasileiro Série A;Campeonato Brasileiro Série A;Campeonato Brasileiro Série A;Campeonato Brasileiro Série A;Campeonato Brasileiro Série A;Leco (2015-2020)
19;dom 19/08/18;19:00;;São Paulo (1.);;Chapecoense (13.);4-2-3-1;Diego Aguirre;41.075;2:0;;;Leco (2015-2020)
20;qua 22/08/18;19:30;;Paraná (20.);;São Paulo (1.);4-2-3-1;Diego Aguirre;8.561;1:1;;;Leco (2015-2020)
21;dom 26/08/18;11:00;;São Paulo (1.);;Ceará (19.);4-2-3-1;Diego Aguirre;57.723;1:0;;;Leco (2015-2020)
22;dom 02/09/18;16:00;;São Paulo (1.);;Fluminense (10.);4-2-3-1;Diego Aguirre;49.348;1:1;;;Leco (2015-2020)
23;qua 05/09/18;21:45;;Atlético-MG (6.);;São Paulo (1.);4-2-3-1;Diego Aguirre;20.852;1:0;;;Leco (2015-2020)
24;sáb 08/09/18;19:00;;São Paulo (2.);;Bahia (11.);4-2-3-1;Diego Aguirre;43.550;1:0;;;Leco (2015-2020)
25;dom 16/09/18;16:00;;Santos (8.);;São Paulo (2.);4-2-3-1;Diego Aguirre;13.488;0:0;;;Leco (2015-2020)
26;sáb 22/09/18;16:00;;São Paulo (1.);;América-MG (12.);4-2-3-1;Diego Aguirre;47.846;1:1;;;Leco (2015-2020)
27;dom 30/09/18;16:00;;Botafogo (12.);;São Paulo (1.);4-2-3-1;Diego Aguirre;19.976;2:2;;;Leco (2015-2020)
28;sáb 06/10/18;18:00;;São Paulo (3.);;Palmeiras (1.);5-3-2;Diego Aguirre;56.694;0:2;;;Leco (2015-2020)
29;dom 14/10/18;16:00;;Internacional (2.);;São Paulo (4.);4-2-3-1;Diego Aguirre;45.263;3:1;;;Leco (2015-2020)
30;sáb 20/10/18;19:00;;São Paulo (4.);;Atlético-PR (8.);4-2-3-1;Diego Aguirre;13.053;0:0;;;Leco (2015-2020)
31;sex 26/10/18;19:30;;Vitória (17.);;São Paulo (4.);4-2-3-1;Diego Aguirre;11.714;0:1;;;Leco (2015-2020)
32;dom 04/11/18;17:00;;São Paulo (4.);;Flamengo (2.);3-5-2;Diego Aguirre;32.612;2:2;;;Leco (2015-2020)
33;sáb 10/11/18;17:00;;Corinthians (12.);;São Paulo (4.);3-5-2;Diego Aguirre;43.122;1:1;;;Leco (2015-2020)
34;qui 15/11/18;19:00;;São Paulo (5.);;Grêmio (4.);4-3-3 defensivo;André Jardine;24.757;1:1;;;Leco (2015-2020)
35;dom 18/11/18;19:00;;São Paulo (5.);;Cruzeiro (7.);4-2-3-1;André Jardine;14.058;1:0;;;Leco (2015-2020)
36;qui 22/11/18;20:00;;Vasco da Gama (15.);;São Paulo (5.);4-3-3 defensivo;André Jardine;14.917;2:0;;;Leco (2015-2020)
37;seg 26/11/18;20:00;;São Paulo (5.);;Sport (17.);4-3-3 defensivo;André Jardine;15.235;0:0;;;Leco (2015-2020)
38;dom 02/12/18;17:00;;Chapecoense (16.);;São Paulo (5.);4-2-3-1;André Jardine;19.992;1:0;;;Leco (2015-2020)
Campeonato Paulista;Campeonato Paulista;Campeonato Paulista;Campeonato Paulista;Campeonato Paulista;Campeonato Paulista;Campeonato Paulista;Campeonato Paulista;Campeonato Paulista;Campeonato Paulista;Campeonato Paulista;Campeonato Paulista;Campeonato Paulista;Leco (2015-2020)
1;sáb 19/01/19;20:30;;São Paulo;;Mirassol;?;André Jardine;20.355;4:1;;;Leco (2015-2020)
2;qui 24/01/19;22:00;;Novorizontino;;São Paulo;?;André Jardine;5.455;0:3;;;Leco (2015-2020)
3;dom 27/01/19;18:00;;Santos;;São Paulo;?;André Jardine;18.601;2:0;;;Leco (2015-2020)
4;qui 31/01/19;22:00;;São Paulo;;Guarani;?;André Jardine;12.762;0:1;;;Leco (2015-2020)
5;dom 03/02/19;18:00;;São Paulo;;São Bento;?;André Jardine;10.118;1:0;;;Leco (2015-2020)
Copa Libertadores;Copa Libertadores;Copa Libertadores;Copa Libertadores;Copa Libertadores;Copa Libertadores;Copa Libertadores;Copa Libertadores;Copa Libertadores;Copa Libertadores;Copa Libertadores;Copa Libertadores;Copa Libertadores;Leco (2015-2020)
2ª eliminatória - jogos de ida;qua 06/02/19;21:30;;CA Talleres;;São Paulo;4-3-3 ofensivo;André Jardine;;2:0;;;Leco (2015-2020)
Campeonato Paulista;Campeonato Paulista;Campeonato Paulista;Campeonato Paulista;Campeonato Paulista;Campeonato Paulista;Campeonato Paulista;Campeonato Paulista;Campeonato Paulista;Campeonato Paulista;Campeonato Paulista;Campeonato Paulista;Campeonato Paulista;Leco (2015-2020)
6;sáb 09/02/19;20:00;;Ponte Preta;;São Paulo;?;André Jardine;;1:0;;;Leco (2015-2020)
Copa Libertadores;Copa Libertadores;Copa Libertadores;Copa Libertadores;Copa Libertadores;Copa Libertadores;Copa Libertadores;Copa Libertadores;Copa Libertadores;Copa Libertadores;Copa Libertadores;Copa Libertadores;Copa Libertadores;Leco (2015-2020)
2ª eliminatória - jogos de volta;qua 13/02/19;21:30;;São Paulo;;CA Talleres;4-3-3 ofensivo;André Jardine;44.737;0:0;;;Leco (2015-2020)
Campeonato Paulista;Campeonato Paulista;Campeonato Paulista;Campeonato Paulista;Campeonato Paulista;Campeonato Paulista;Campeonato Paulista;Campeonato Paulista;Campeonato Paulista;Campeonato Paulista;Campeonato Paulista;Campeonato Paulista;Campeonato Paulista;Leco (2015-2020)
7;dom 17/02/19;19:00;;Corinthians;;São Paulo;?;Vagner Mancini;;2:1;;;Leco (2015-2020)
8;dom 24/02/19;17:00;;São Paulo;;RB Brasil;?;Vagner Mancini;10.391;0:0;;;Leco (2015-2020)
9;dom 03/03/19;17:00;;Bragantino;;São Paulo;?;Vagner Mancini;;0:2;;;Leco (2015-2020)
10;sáb 09/03/19;21:00;;São Paulo;;Ferroviária;?;Vagner Mancini;;1:1;;;Leco (2015-2020)
11;sáb 16/03/19;16:30;;São Paulo;;Palmeiras;?;Vagner Mancini;;0:1;;;Leco (2015-2020)
12;qua 20/03/19;21:30;;São Caetano;;São Paulo;?;Vagner Mancini;;1:1;;;Leco (2015-2020)
Campeonato Paulista - Série A1 - Fase final;Campeonato Paulista - Série A1 - Fase final;Campeonato Paulista - Série A1 - Fase final;Campeonato Paulista - Série A1 - Fase final;Campeonato Paulista - Série A1 - Fase final;Campeonato Paulista - Série A1 - Fase final;Campeonato Paulista - Série A1 - Fase final;Campeonato Paulista - Série A1 - Fase final;Campeonato Paulista - Série A1 - Fase final;Campeonato Paulista - Série A1 - Fase final;Campeonato Paulista - Série A1 - Fase final;Campeonato Paulista - Série A1 - Fase final;Campeonato Paulista - Série A1 - Fase final;Leco (2015-2020)
Quartas de final - Jogos de ida;dom 24/03/19;17:00;;São Paulo;;Ituano;?;Vagner Mancini;;2:1;;;Leco (2015-2020)
quartas de final - Jogos de volta;qua 27/03/19;20:15;;Ituano;;São Paulo;?;Vagner Mancini;;0:1;;;Leco (2015-2020)
Semifinais - Jogos de ida;dom 31/03/19;18:00;;São Paulo;;Palmeiras;?;Vagner Mancini;;0:0;;;Leco (2015-2020)
semifinais - Jogos de volta;dom 07/04/19;16:00;;Palmeiras;;São Paulo;?;Vagner Mancini;;4:5 pen.;;;Leco (2015-2020)
final - jogo de ida;dom 14/04/19;16:00;;São Paulo;;Corinthians;?;Vagner Mancini;;0:0;;;Leco (2015-2020)
final - jogo de volta;dom 21/04/19;16:00;;Corinthians;;São Paulo;?;Vagner Mancini;;2:1;;;Leco (2015-2020)
Campeonato Brasileiro Série A;Campeonato Brasileiro Série A;Campeonato Brasileiro Série A;Campeonato Brasileiro Série A;Campeonato Brasileiro Série A;Campeonato Brasileiro Série A;Campeonato Brasileiro Série A;Campeonato Brasileiro Série A;Campeonato Brasileiro Série A;Campeonato Brasileiro Série A;Campeonato Brasileiro Série A;Campeonato Brasileiro Série A;Campeonato Brasileiro Série A;Leco (2015-2020)
1;sáb 27/04/19;16:00;;São Paulo (6.);;Botafogo (15.);4-3-3 defensivo;Cuca;26.533;2:0;;;Leco (2015-2020)
2;qua 01/05/19;21:30;;Goiás (10.);;São Paulo (5.);4-3-3 defensivo;Cuca;29.644;1:2;;;Leco (2015-2020)
3;dom 05/05/19;16:00;;São Paulo (1.);;Flamengo (7.);4-3-3 defensivo;Cuca;38.749;1:1;;;Leco (2015-2020)
4;dom 12/05/19;19:00;;Fortaleza (16.);;São Paulo (3.);4-3-3 defensivo;Cuca;40.877;0:1;;;Leco (2015-2020)
5;dom 19/05/19;11:00;;São Paulo (3.);;Bahia (8.);4-3-3 defensivo;Cuca;44.640;0:0;;;Leco (2015-2020)
Copa do Brasil;Copa do Brasil;Copa do Brasil;Copa do Brasil;Copa do Brasil;Copa do Brasil;Copa do Brasil;Copa do Brasil;Copa do Brasil;Copa do Brasil;Copa do Brasil;Copa do Brasil;Copa do Brasil;Leco (2015-2020)
Oitavas de final - Jogos de ida;qua 22/05/19;20:30;;São Paulo;;Bahia;?;Cuca;19.508;0:1;;;Leco (2015-2020)
Campeonato Brasileiro Série A;Campeonato Brasileiro Série A;Campeonato Brasileiro Série A;Campeonato Brasileiro Série A;Campeonato Brasileiro Série A;Campeonato Brasileiro Série A;Campeonato Brasileiro Série A;Campeonato Brasileiro Série A;Campeonato Brasileiro Série A;Campeonato Brasileiro Série A;Campeonato Brasileiro Série A;Campeonato Brasileiro Série A;Campeonato Brasileiro Série A;Leco (2015-2020)
6;dom 26/05/19;19:00;;Corinthians (8.);;São Paulo (3.);4-3-3 defensivo;Cuca;39.670;1:0;;;Leco (2015-2020)
Copa do Brasil;Copa do Brasil;Copa do Brasil;Copa do Brasil;Copa do Brasil;Copa do Brasil;Copa do Brasil;Copa do Brasil;Copa do Brasil;Copa do Brasil;Copa do Brasil;Copa do Brasil;Copa do Brasil;Leco (2015-2020)
Oitavas de final - Jogos de volta;qua 29/05/19;20:30;;Bahia;;São Paulo;?;Cuca;36.016;1:0;;;Leco (2015-2020)
Campeonato Brasileiro Série A;Campeonato Brasileiro Série A;Campeonato Brasileiro Série A;Campeonato Brasileiro Série A;Campeonato Brasileiro Série A;Campeonato Brasileiro Série A;Campeonato Brasileiro Série A;Campeonato Brasileiro Série A;Campeonato Brasileiro Série A;Campeonato Brasileiro Série A;Campeonato Brasileiro Série A;Campeonato Brasileiro Série A;Campeonato Brasileiro Série A;Leco (2015-2020)
7;dom 02/06/19;16:00;;São Paulo (4.);;Cruzeiro (16.);4-3-1-2;Cuca;8.517;1:1;;;Leco (2015-2020)
8;sáb 08/06/19;21:00;;Avaí (19.);;São Paulo (9.);4-3-3 defensivo;Cuca;8.084;0:0;;;Leco (2015-2020)
9;qui 13/06/19;20:00;;Atlético-MG (3.);;São Paulo (9.);4-3-3 defensivo;Cuca;19.761;1:1;;;Leco (2015-2020)
10;sáb 13/07/19;19:00;;São Paulo (10.);;Palmeiras (1.);4-3-3 defensivo;Cuca;38.267;1:1;;;Leco (2015-2020)
11;seg 22/07/19;20:00;;São Paulo (9.);;Chapecoense (18.);4-3-3 defensivo;Cuca;35.558;4:0;;;Leco (2015-2020)
12;sáb 27/07/19;19:00;;Fluminense (17.);;São Paulo (6.);4-3-3 defensivo;Cuca;21.741;1:2;;;Leco (2015-2020)
14;sáb 10/08/19;17:00;;São Paulo (5.);;Santos (1.);4-3-3 defensivo;Cuca;47.277;3:2;;;Leco (2015-2020)
15;dom 18/08/19;16:00;;São Paulo (5.);;Ceará (9.);4-3-3 defensivo;Cuca;47.775;1:0;;;Leco (2015-2020)
13;qua 21/08/19;19:15;;Athletico-PR (8.);;São Paulo (6.);4-2-3-1;Cuca;21.526;0:1;;;Leco (2015-2020)
16;dom 25/08/19;16:00;;Vasco da Gama (15.);;São Paulo (4.);4-3-3 defensivo;Cuca;20.404;2:0;;;Leco (2015-2020)
17;sáb 31/08/19;11:00;;São Paulo (4.);;Grêmio (12.);4-3-3 defensivo;Cuca;46.997;0:0;;;Leco (2015-2020)
18;sáb 07/09/19;19:00;;Internacional (6.);;São Paulo (5.);4-2-3-1;Cuca;16.048;1:0;;;Leco (2015-2020)
19;dom 15/09/19;19:00;;São Paulo (5.);;CSA (18.);4-3-3 defensivo;Cuca;29.779;1:1;;;Leco (2015-2020)
20;sáb 21/09/19;11:00;;Botafogo (10.);;São Paulo (6.);4-2-3-1;Cuca;18.471;1:2;;;Leco (2015-2020)
21;qua 25/09/19;21:30;;São Paulo (6.);;Goiás (12.);4-3-3 defensivo;Cuca;12.505;0:1;;;Leco (2015-2020)
22;sáb 28/09/19;19:00;;Flamengo (1.);;São Paulo (6.);4-2-3-1;Fernando Diniz;67.051;0:0;;;Leco (2015-2020)
23;sáb 05/10/19;17:00;;São Paulo (7.);;Fortaleza (14.);4-3-1-2;Fernando Diniz;34.962;2:1;;;Leco (2015-2020)
24;qua 09/10/19;21:00;;Bahia (7.);;São Paulo (5.);4-3-1-2;Fernando Diniz;32.021;0:0;;;Leco (2015-2020)
25;dom 13/10/19;18:00;;São Paulo (5.);;Corinthians (4.);4-3-2-1;Fernando Diniz;37.561;1:0;;;Leco (2015-2020)
26;qua 16/10/19;21:00;;Cruzeiro (18.);;São Paulo (5.);4-2-3-1;Fernando Diniz;30.969;1:0;;;Leco (2015-2020)
27;dom 20/10/19;16:00;;São Paulo (5.);;Avaí (19.);4-2-3-1;Fernando Diniz;20.763;1:0;;;Leco (2015-2020)
28;dom 27/10/19;16:00;;São Paulo (4.);;Atlético-MG (12.);4-1-4-1;Fernando Diniz;18.815;2:0;;;Leco (2015-2020)
29;qua 30/10/19;19:30;;Palmeiras (2.);;São Paulo (4.);4-1-4-1;Fernando Diniz;29.481;3:0;;;Leco (2015-2020)
30;sáb 02/11/19;21:00;;Chapecoense (19.);;São Paulo (4.);4-2-3-1;Fernando Diniz;9.533;0:3;;;Leco (2015-2020)
31;qua 06/11/19;20:00;;São Paulo (4.);;Fluminense (17.);4-3-3 ofensivo;Fernando Diniz;17.650;0:2;;;Leco (2015-2020)
32;sáb 09/11/19;20:00;;São Paulo (5.);;Athletico-PR (7.);4-1-4-1;Fernando Diniz;13.795;0:1;;;Leco (2015-2020)
33;sáb 16/11/19;17:00;;Santos (3.);;São Paulo (5.);4-2-3-1;Fernando Diniz;14.062;1:1;;;Leco (2015-2020)
34;dom 24/11/19;19:00;;Ceará (15.);;São Paulo (6.);4-2-3-1;Fernando Diniz;29.001;1:1;;;Leco (2015-2020)
35;qua 27/11/19;20:00;;São Paulo (6.);;Vasco da Gama (11.);4-1-4-1;Fernando Diniz;11.970;1:0;;;Leco (2015-2020)
36;sáb 30/11/19;20:00;;Grêmio (4.);;São Paulo (6.);4-1-4-1;Fernando Diniz;24.464;3:0;;;Leco (2015-2020)
37;ter 03/12/19;20:00;;São Paulo (6.);;Internacional (7.);4-1-4-1;Fernando Diniz;30.822;2:1;;;Leco (2015-2020)
38;dom 08/12/19;16:00;;CSA (18.);;São Paulo (6.);4-3-3 ofensivo;Fernando Diniz;9.498;1:2;;;Leco (2015-2020)
Campeonato Paulista;Campeonato Paulista;Campeonato Paulista;Campeonato Paulista;Campeonato Paulista;Campeonato Paulista;Campeonato Paulista;Campeonato Paulista;Campeonato Paulista;Campeonato Paulista;Campeonato Paulista;Campeonato Paulista;Campeonato Paulista;Leco (2015-2020)
1;qua 22/01/20;21:30;;São Paulo;;Água Santa;4-2-3-1;Fernando Diniz;;2:0;;;Leco (2015-2020)
2;dom 26/01/20;16:00;;Palmeiras;;São Paulo;4-1-4-1;Fernando Diniz;;0:0;;;Leco (2015-2020)
3;qua 29/01/20;21:30;;Ferroviária;;São Paulo;4-1-4-1;Fernando Diniz;;1:2;;;Leco (2015-2020)
4;seg 03/02/20;20:01;;São Paulo;;Novorizontino;4-3-3 ofensivo;Fernando Diniz;14.060;1:1;;;Leco (2015-2020)
5;dom 09/02/20;18:00;;Santo André;;São Paulo;4-2-3-1;Fernando Diniz;7.433;2:1;;;Leco (2015-2020)
6;sáb 15/02/20;19:00;;São Paulo;;Corinthians;4-1-4-1;Fernando Diniz;;0:0;;;Leco (2015-2020)
7;sáb 22/02/20;16:30;;Oeste;;São Paulo;4-2-3-1;Fernando Diniz;;0:4;;;Leco (2015-2020)
8;dom 01/03/20;16:00;;São Paulo;;Ponte Preta;4-2-3-1;Fernando Diniz;;2:1;;;Leco (2015-2020)
Copa Libertadores;Copa Libertadores;Copa Libertadores;Copa Libertadores;Copa Libertadores;Copa Libertadores;Copa Libertadores;Copa Libertadores;Copa Libertadores;Copa Libertadores;Copa Libertadores;Copa Libertadores;Copa Libertadores;Leco (2015-2020)
Grupo D;qui 05/03/20;21:00;;Dep. Binacional;;São Paulo;4-2-3-1;Fernando Diniz;;2:1;;;Leco (2015-2020)
Campeonato Paulista;Campeonato Paulista;Campeonato Paulista;Campeonato Paulista;Campeonato Paulista;Campeonato Paulista;Campeonato Paulista;Campeonato Paulista;Campeonato Paulista;Campeonato Paulista;Campeonato Paulista;Campeonato Paulista;Campeonato Paulista;Leco (2015-2020)
9;dom 08/03/20;16:00;;Botafogo-SP;;São Paulo;4-1-4-1;Fernando Diniz;;1:0;;;Leco (2015-2020)
Copa Libertadores;Copa Libertadores;Copa Libertadores;Copa Libertadores;Copa Libertadores;Copa Libertadores;Copa Libertadores;Copa Libertadores;Copa Libertadores;Copa Libertadores;Copa Libertadores;Copa Libertadores;Copa Libertadores;Leco (2015-2020)
Grupo D;qua 11/03/20;21:30;;São Paulo;;LDU Quito;4-2-3-1;Fernando Diniz;;3:0;;;Leco (2015-2020)
Campeonato Paulista;Campeonato Paulista;Campeonato Paulista;Campeonato Paulista;Campeonato Paulista;Campeonato Paulista;Campeonato Paulista;Campeonato Paulista;Campeonato Paulista;Campeonato Paulista;Campeonato Paulista;Campeonato Paulista;Campeonato Paulista;Leco (2015-2020)
10;sáb 14/03/20;19:00;;São Paulo;;Santos;4-3-3 ofensivo;Fernando Diniz;;2:1;;;Leco (2015-2020)
11;qui 23/07/20;20:00;;São Paulo;;Bragantino;4-2-3-1;Fernando Diniz;x;2:3;;;Leco (2015-2020)
12;dom 26/07/20;16:00;;Guarani;;São Paulo;4-3-3 ofensivo;Fernando Diniz;x;1:3;;;Leco (2015-2020)
Campeonato Paulista - Série A1 - Fase final;Campeonato Paulista - Série A1 - Fase final;Campeonato Paulista - Série A1 - Fase final;Campeonato Paulista - Série A1 - Fase final;Campeonato Paulista - Série A1 - Fase final;Campeonato Paulista - Série A1 - Fase final;Campeonato Paulista - Série A1 - Fase final;Campeonato Paulista - Série A1 - Fase final;Campeonato Paulista - Série A1 - Fase final;Campeonato Paulista - Série A1 - Fase final;Campeonato Paulista - Série A1 - Fase final;Campeonato Paulista - Série A1 - Fase final;Campeonato Paulista - Série A1 - Fase final;Leco (2015-2020)
quartas de final;qua 29/07/20;19:00;;São Paulo;;Mirassol;4-3-3 defensivo;Fernando Diniz;x;2:3;;;Leco (2015-2020)
Campeonato Brasileiro Série A;Campeonato Brasileiro Série A;Campeonato Brasileiro Série A;Campeonato Brasileiro Série A;Campeonato Brasileiro Série A;Campeonato Brasileiro Série A;Campeonato Brasileiro Série A;Campeonato Brasileiro Série A;Campeonato Brasileiro Série A;Campeonato Brasileiro Série A;Campeonato Brasileiro Série A;Campeonato Brasileiro Série A;Campeonato Brasileiro Série A;Leco (2015-2020)
2;qui 13/08/20;19:15;;São Paulo (1.);;Fortaleza (19.);4-2-3-1;Fernando Diniz;x;1:0;;;Leco (2015-2020)
3;dom 16/08/20;16:00;;Vasco da Gama (7.);;São Paulo (1.);4-2-3-1;Fernando Diniz;x;2:1;;;Leco (2015-2020)
4;qui 20/08/20;20:00;;São Paulo (4.);;Bahia (2.);4-2-3-1;Fernando Diniz;x;1:1;;;Leco (2015-2020)
5;dom 23/08/20;19:00;;Sport (16.);;São Paulo (5.);4-3-3 ofensivo;Fernando Diniz;x;0:1;;;Leco (2015-2020)
11;qua 26/08/20;19:00;;São Paulo (4.);;Athletico-PR (9.);4-3-3 ofensivo;Fernando Diniz;x;1:0;;;Leco (2015-2020)
6;dom 30/08/20;11:00;;São Paulo (3.);;Corinthians (11.);4-3-3 ofensivo;Fernando Diniz;x;2:1;;;Leco (2015-2020)
7;qui 03/09/20;20:00;;Atlético-MG (9.);;São Paulo (2.);4-3-3 defensivo;Fernando Diniz;x;3:0;;;Leco (2015-2020)
8;dom 06/09/20;16:00;;São Paulo (2.);;Fluminense (5.);4-2-3-1;Fernando Diniz;x;3:1;;;Leco (2015-2020)
9;qua 09/09/20;19:15;;São Paulo (2.);;Bragantino (19.);4-1-4-1;Fernando Diniz;x;1:1;;;Leco (2015-2020)
10;sáb 12/09/20;19:00;;Santos (7.);;São Paulo (2.);4-3-3 ofensivo;Fernando Diniz;x;2:2;;;Leco (2015-2020)
Copa Libertadores;Copa Libertadores;Copa Libertadores;Copa Libertadores;Copa Libertadores;Copa Libertadores;Copa Libertadores;Copa Libertadores;Copa Libertadores;Copa Libertadores;Copa Libertadores;Copa Libertadores;Copa Libertadores;Leco (2015-2020)
Grupo D;qui 17/09/20;19:00;;São Paulo;;River Plate;4-3-3 ofensivo;Fernando Diniz;x;2:2;;;Leco (2015-2020)
Grupo D;ter 22/09/20;21:30;;LDU Quito;;São Paulo;4-1-4-1;Fernando Diniz;x;4:2;;;Leco (2015-2020)
Campeonato Brasileiro Série A;Campeonato Brasileiro Série A;Campeonato Brasileiro Série A;Campeonato Brasileiro Série A;Campeonato Brasileiro Série A;Campeonato Brasileiro Série A;Campeonato Brasileiro Série A;Campeonato Brasileiro Série A;Campeonato Brasileiro Série A;Campeonato Brasileiro Série A;Campeonato Brasileiro Série A;Campeonato Brasileiro Série A;Campeonato Brasileiro Série A;Leco (2015-2020)
12;sáb 26/09/20;19:00;;Internacional (3.);;São Paulo (2.);4-2-3-1;Fernando Diniz;x;1:1;;;Leco (2015-2020)
Copa Libertadores;Copa Libertadores;Copa Libertadores;Copa Libertadores;Copa Libertadores;Copa Libertadores;Copa Libertadores;Copa Libertadores;Copa Libertadores;Copa Libertadores;Copa Libertadores;Copa Libertadores;Copa Libertadores;Leco (2015-2020)
Grupo D;qua 30/09/20;21:30;;River Plate;;São Paulo;4-2-3-1;Fernando Diniz;x;2:1;;;Leco (2015-2020)
Campeonato Brasileiro Série A;Campeonato Brasileiro Série A;Campeonato Brasileiro Série A;Campeonato Brasileiro Série A;Campeonato Brasileiro Série A;Campeonato Brasileiro Série A;Campeonato Brasileiro Série A;Campeonato Brasileiro Série A;Campeonato Brasileiro Série A;Campeonato Brasileiro Série A;Campeonato Brasileiro Série A;Campeonato Brasileiro Série A;Campeonato Brasileiro Série A;Leco (2015-2020)
13;dom 04/10/20;16:00;;Coritiba (17.);;São Paulo (2.);4-2-3-1;Fernando Diniz;x;1:1;;;Leco (2015-2020)
14;qua 07/10/20;20:30;;São Paulo (3.);;Atlético-GO (13.);4-2-3-1;Fernando Diniz;x;3:0;;;Leco (2015-2020)
15;sáb 10/10/20;19:00;;Palmeiras (5.);;São Paulo (3.);4-2-3-1;Fernando Diniz;x;0:2;;;Leco (2015-2020)
Copa do Brasil;Copa do Brasil;Copa do Brasil;Copa do Brasil;Copa do Brasil;Copa do Brasil;Copa do Brasil;Copa do Brasil;Copa do Brasil;Copa do Brasil;Copa do Brasil;Copa do Brasil;Copa do Brasil;Leco (2015-2020)
Oitavas de final - Jogos de ida;qua 14/10/20;19:15;;Fortaleza;;São Paulo;4-1-4-1;Fernando Diniz;x;3:3;;;Leco (2015-2020)
Campeonato Brasileiro Série A;Campeonato Brasileiro Série A;Campeonato Brasileiro Série A;Campeonato Brasileiro Série A;Campeonato Brasileiro Série A;Campeonato Brasileiro Série A;Campeonato Brasileiro Série A;Campeonato Brasileiro Série A;Campeonato Brasileiro Série A;Campeonato Brasileiro Série A;Campeonato Brasileiro Série A;Campeonato Brasileiro Série A;Campeonato Brasileiro Série A;Leco (2015-2020)
17;sáb 17/10/20;21:00;;São Paulo (4.);;Grêmio (7.);4-2-3-1;Fernando Diniz;x;0:0;;;Leco (2015-2020)
Copa Libertadores;Copa Libertadores;Copa Libertadores;Copa Libertadores;Copa Libertadores;Copa Libertadores;Copa Libertadores;Copa Libertadores;Copa Libertadores;Copa Libertadores;Copa Libertadores;Copa Libertadores;Copa Libertadores;Leco (2015-2020)
Grupo D;ter 20/10/20;21:30;;São Paulo;;Dep. Binacional;4-4-2;Fernando Diniz;x;5:1;;;Leco (2015-2020)
Copa do Brasil;Copa do Brasil;Copa do Brasil;Copa do Brasil;Copa do Brasil;Copa do Brasil;Copa do Brasil;Copa do Brasil;Copa do Brasil;Copa do Brasil;Copa do Brasil;Copa do Brasil;Copa do Brasil;Leco (2015-2020)
Oitavas de final - Jogos de volta;dom 25/10/20;20:30;;São Paulo;;Fortaleza;4-2-3-1;Fernando Diniz;x;10:9 pen.;;;Leco (2015-2020)
Copa Sul-Americana;Copa Sul-Americana;Copa Sul-Americana;Copa Sul-Americana;Copa Sul-Americana;Copa Sul-Americana;Copa Sul-Americana;Copa Sul-Americana;Copa Sul-Americana;Copa Sul-Americana;Copa Sul-Americana;Copa Sul-Americana;Copa Sul-Americana;Leco (2015-2020)
2ª eliminatória - jogos de ida;qua 28/10/20;19:15;;Lanús;;São Paulo;4-4-2 duplo 6;Fernando Diniz;x;3:2;;;Leco (2015-2020)
Campeonato Brasileiro Série A;Campeonato Brasileiro Série A;Campeonato Brasileiro Série A;Campeonato Brasileiro Série A;Campeonato Brasileiro Série A;Campeonato Brasileiro Série A;Campeonato Brasileiro Série A;Campeonato Brasileiro Série A;Campeonato Brasileiro Série A;Campeonato Brasileiro Série A;Campeonato Brasileiro Série A;Campeonato Brasileiro Série A;Campeonato Brasileiro Série A;Leco (2015-2020)
19;dom 01/11/20;16:00;;Flamengo (2.);;São Paulo (3.);4-2-3-1;Fernando Diniz;x;1:4;;;Leco (2015-2020)
Copa Sul-Americana;Copa Sul-Americana;Copa Sul-Americana;Copa Sul-Americana;Copa Sul-Americana;Copa Sul-Americana;Copa Sul-Americana;Copa Sul-Americana;Copa Sul-Americana;Copa Sul-Americana;Copa Sul-Americana;Copa Sul-Americana;Copa Sul-Americana;Leco (2015-2020)
2ª eliminatória - jogos de volta;qua 04/11/20;19:15;;São Paulo;;Lanús;4-4-2 duplo 6;Fernando Diniz;x;4:3;;;Leco (2015-2020)
Campeonato Brasileiro Série A;Campeonato Brasileiro Série A;Campeonato Brasileiro Série A;Campeonato Brasileiro Série A;Campeonato Brasileiro Série A;Campeonato Brasileiro Série A;Campeonato Brasileiro Série A;Campeonato Brasileiro Série A;Campeonato Brasileiro Série A;Campeonato Brasileiro Série A;Campeonato Brasileiro Série A;Campeonato Brasileiro Série A;Campeonato Brasileiro Série A;Leco (2015-2020)
20;sáb 07/11/20;17:00;;São Paulo (1.);;Goiás (20.);4-4-2 losango;Fernando Diniz;x;2:1;;;Leco (2015-2020)
Copa do Brasil;Copa do Brasil;Copa do Brasil;Copa do Brasil;Copa do Brasil;Copa do Brasil;Copa do Brasil;Copa do Brasil;Copa do Brasil;Copa do Brasil;Copa do Brasil;Copa do Brasil;Copa do Brasil;Leco (2015-2020)
Quartas de final - Jogos de ida;qua 11/11/20;21:30;;Flamengo;;São Paulo;4-4-2 duplo 6;Fernando Diniz;x;1:2;;;Leco (2015-2020)
Campeonato Brasileiro Série A;Campeonato Brasileiro Série A;Campeonato Brasileiro Série A;Campeonato Brasileiro Série A;Campeonato Brasileiro Série A;Campeonato Brasileiro Série A;Campeonato Brasileiro Série A;Campeonato Brasileiro Série A;Campeonato Brasileiro Série A;Campeonato Brasileiro Série A;Campeonato Brasileiro Série A;Campeonato Brasileiro Série A;Campeonato Brasileiro Série A;Leco (2015-2020)
21;sáb 14/11/20;19:00;;Fortaleza (11.);;São Paulo (1.);4-3-3 ofensivo;Fernando Diniz;x;2:3;;;Leco (2015-2020)
Copa do Brasil;Copa do Brasil;Copa do Brasil;Copa do Brasil;Copa do Brasil;Copa do Brasil;Copa do Brasil;Copa do Brasil;Copa do Brasil;Copa do Brasil;Copa do Brasil;Copa do Brasil;Copa do Brasil;Leco (2015-2020)
quartas de final - Jogos de volta;qua 18/11/20;21:30;;São Paulo;;Flamengo;4-4-2 duplo 6;Fernando Diniz;x;3:0;;;Leco (2015-2020)
Campeonato Brasileiro Série A;Campeonato Brasileiro Série A;Campeonato Brasileiro Série A;Campeonato Brasileiro Série A;Campeonato Brasileiro Série A;Campeonato Brasileiro Série A;Campeonato Brasileiro Série A;Campeonato Brasileiro Série A;Campeonato Brasileiro Série A;Campeonato Brasileiro Série A;Campeonato Brasileiro Série A;Campeonato Brasileiro Série A;Campeonato Brasileiro Série A;Leco (2015-2020)
22;dom 22/11/20;15:00;;São Paulo (1.);;Vasco da Gama (15.);4-4-2;Fernando Diniz;x;1:1;;;Leco (2015-2020)
16;qua 25/11/20;19:15;;Ceará (13.);;São Paulo (3.);4-2-3-1;Fernando Diniz;x;1:1;;;Leco (2015-2020)
23;sáb 28/11/20;18:00;;Bahia (10.);;São Paulo (1.);4-4-2;Fernando Diniz;x;1:3;;;Leco (2015-2020)
1;qui 03/12/20;19:00;;Goiás (18.);;São Paulo (4.);4-4-2;Fernando Diniz;x;0:3;;;Leco (2015-2020)
24;dom 06/12/20;16:00;;São Paulo (1.);;Sport (16.);4-4-2;Fernando Diniz;x;1:0;;;Leco (2015-2020)
18;qua 09/12/20;21:30;;São Paulo (4.);;Botafogo (16.);4-4-2;Fernando Diniz;x;4:0;;;Leco (2015-2020)
25;dom 13/12/20;17:15;;Corinthians (11.);;São Paulo (1.);4-4-2;Fernando Diniz;x;1:0;;;Leco (2015-2020)
26;qua 16/12/20;21:30;;São Paulo (1.);;Atlético-MG (3.);4-2-3-1;Fernando Diniz;x;3:0;;;Leco (2015-2020)
Copa do Brasil;Copa do Brasil;Copa do Brasil;Copa do Brasil;Copa do Brasil;Copa do Brasil;Copa do Brasil;Copa do Brasil;Copa do Brasil;Copa do Brasil;Copa do Brasil;Copa do Brasil;Copa do Brasil;Leco (2015-2020)
Semifinais - Jogos de ida;qua 23/12/20;21:30;;Grêmio;;São Paulo;4-2-3-1;Fernando Diniz;x;1:0;;;Leco (2015-2020)
Campeonato Brasileiro Série A;Campeonato Brasileiro Série A;Campeonato Brasileiro Série A;Campeonato Brasileiro Série A;Campeonato Brasileiro Série A;Campeonato Brasileiro Série A;Campeonato Brasileiro Série A;Campeonato Brasileiro Série A;Campeonato Brasileiro Série A;Campeonato Brasileiro Série A;Campeonato Brasileiro Série A;Campeonato Brasileiro Série A;Campeonato Brasileiro Série A;Leco (2015-2020)
27;sáb 26/12/20;21:00;;Fluminense (7.);;São Paulo (1.);4-4-2 duplo 6;Fernando Diniz;x;1:2;;;Leco (2015-2020)
Copa do Brasil;Copa do Brasil;Copa do Brasil;Copa do Brasil;Copa do Brasil;Copa do Brasil;Copa do Brasil;Copa do Brasil;Copa do Brasil;Copa do Brasil;Copa do Brasil;Copa do Brasil;Copa do Brasil;Leco (2015-2020)
semifinais - Jogos de volta;qua 30/12/20;21:30;;São Paulo;;Grêmio;4-2-3-1;Fernando Diniz;x;0:0;;;Leco (2015-2020)
